times_dense,J_V_path,mu_V_path
0.0,215.9934592712791,-486.0354194194901
0.01,169.78206338205553,-444.525507609118
0.02,123.57066749283192,-403.01559579874595
0.03,77.3592716036083,-361.5056839883739
0.04,31.147875714384725,-319.9957721780018
0.05,0.0,0.0
