times_dense,J_V_path,mu_V_path
0.0,0.1,10.0
0.01,0.07527640861914812,7.52569716207828
0.02,0.057110018872559995,5.7402624800678925
0.03,0.04365917329576888,4.4361006172578445
0.04,0.033518994553311254,3.462209668682041
0.05,0.027871820628320755,2.9040701648234792
0.06,0.02292551880713925,2.4107844952158395
0.07,0.01797921698595774,1.9174988256081986
0.08,0.012417306364944695,1.3384203447891914
0.09,0.006208653182472351,0.669210172394596
0.1,0.0,0.0
