times_dense,J_V_path,mu_V_path
0.0,0.1,10.0
0.01,0.06858815921213098,6.909025443409629
0.02,0.04575333778325822,4.649255844161048
0.03,0.03894026593260019,3.958351016867637
0.04,0.03212719408194216,3.2674461895742257
0.05,0.0,0.0
