times_dense,J_V_path,mu_V_path
0.0,0.1,10.0
0.01,0.43149349674978543,6.126853788390159
0.02,0.47807607335219693,4.936509064896101
0.03,0.46158948735031224,4.163815927971125
0.04,0.4451029013484276,3.3911227910461497
0.05,0.3952391457114377,2.784006235499861
0.06,0.3397948688435588,2.204573382251384
0.07,0.2839844496594529,1.6254915943255666
0.08,0.1893229664396353,1.0836610628837113
0.09,0.09466148321981774,0.5418305314418561
0.1,0.0,0.0
