times_dense,J_V_path,mu_V_path
0.0,0.1,10.0
0.01,0.4195865250456854,5.894309999127427
0.02,0.44973577792466524,4.860280779052923
0.03,0.43141509474091894,4.072886465893976
0.04,0.4118639321123632,3.2914692299397137
0.05,0.35569989580523853,2.6878997212151132
0.06,0.29953585949811384,2.0843302124905128
0.07,0.23693584281007732,1.509120022874631
0.08,0.15795722854005156,1.0060800152497542
0.09,0.07897861427002584,0.5030400076248775
0.1,0.0,0.0
