times_dense,J_V_path,mu_V_path
0.0,0.1,10.0
0.01,0.2437090790231759,5.973412470111605
0.02,0.2500490126678551,4.1146844075868305
0.03,0.2381094741492879,3.252586615451908
0.04,0.07987533024150016,0.8470897587923338
0.05,0.0,0.0
